time_ms,valid,cx,cy,error_x,error_y,area,command_x_rpm,command_y_rpm,frame_ms
43680,1,188,119,-52,-41,38243,0.0,0.0,19
44073,1,191,108,-49,-52,37620,0.0,0.0,127
44178,1,191,102,-49,-58,38076,0.0,0.0,14
44282,1,191,103,-49,-57,38076,0.0,0.0,20
44398,1,191,104,-49,-56,38304,0.0,0.0,33
44498,1,191,105,-49,-55,38076,0.0,0.0,13
44598,1,213,105,-27,-55,38136,0.0,0.0,15
44698,1,229,104,-11,-56,39216,0.0,0.0,43
44798,1,227,105,-13,-55,39044,0.0,0.0,33
44898,1,225,105,-15,-55,39044,0.0,0.0,13
45001,1,225,105,-15,-55,39044,0.0,0.0,18
45107,1,211,104,-29,-56,38194,0.0,0.0,16
45231,1,191,103,-49,-57,37848,0.0,0.0,46
45398,1,189,104,-51,-56,38076,0.0,0.0,27
45498,1,190,104,-50,-56,38076,0.0,0.0,15
45598,1,190,105,-50,-55,38304,0.0,0.0,13
45704,1,190,104,-50,-56,38243,13.69,0.0,17
45831,1,219,106,-21,-54,27738,10.22,0.0,16
45931,1,261,104,21,-56,42042,-1.36,0.0,33
46031,1,258,105,18,-55,41630,-4.81,0.0,30
46131,1,239,105,-1,-55,40128,-1.14,0.0,35
46231,1,232,105,-8,-55,39498,2.23,0.0,16
46333,1,238,105,-2,-55,39952,1.0,0.0,13
46445,1,243,105,3,-55,40356,-1.0,0.0,18
46548,1,242,104,2,-56,40356,0.0,0.0,15
46664,1,243,104,3,-56,40533,0.0,0.0,18
46764,1,242,105,2,-55,40356,0.0,0.0,33
46864,1,242,105,2,-55,40356,0.0,0.0,15
46964,1,253,104,13,-56,40991,7.31,0.0,19
47070,1,285,102,45,-58,44694,1.69,0.0,21
47180,1,291,101,51,-59,45741,-8.97,0.0,16
47297,1,260,103,20,-57,41907,-6.57,0.0,39
47497,1,237,103,-3,-57,39900,-1.0,0.0,32
47597,1,226,105,-14,-55,38817,1.97,0.0,14
47700,1,234,105,-6,-55,39725,1.0,0.0,17
47804,1,238,105,-2,-55,40128,-7.61,0.0,13
47931,1,243,105,3,-55,40356,-8.18,0.0,39
48050,1,215,103,-25,-57,38194,-6.31,0.0,17
48164,1,204,104,-36,-56,38076,6.12,0.0,14
48272,1,229,105,-11,-55,39271,1.72,0.0,16
48397,1,238,105,-2,-55,39900,1.0,0.0,34
48497,1,241,105,1,-55,40356,0.0,0.0,15
48599,1,241,105,1,-55,40584,0.0,0.0,13
48714,1,242,105,2,-55,28420,0.0,0.0,16
48820,1,241,106,1,-54,40356,0.0,0.0,18
48931,1,241,106,1,-54,40356,0.0,0.0,52
49063,1,241,106,1,-54,40356,0.0,0.0,43
49163,1,241,106,1,-54,40356,0.0,0.0,33
49264,1,242,105,2,-55,40356,0.0,0.0,13
49412,1,242,105,2,-55,40356,0.0,0.0,17
49530,1,249,105,9,-55,40812,7.32,0.0,20
49630,1,274,104,34,-56,43384,2.87,0.0,20
49730,1,290,102,50,-58,45312,-2.09,0.0,33
49830,1,286,103,46,-57,45120,-10.2,0.0,14
49938,1,262,103,22,-57,42090,-4.04,0.0,17
50047,1,234,104,-6,-56,39725,1.25,0.0,19
50152,1,234,103,-6,-57,39900,1.11,0.0,20
50263,1,236,104,-4,-56,40128,1.0,0.0,44
50363,1,239,104,-1,-56,40128,-7.55,0.0,36
50463,1,223,104,-17,-56,38646,-6.8,0.0,17
50563,1,197,104,-43,-56,37909,-1.71,0.0,33
50671,1,190,104,-50,-56,38076,11.49,0.0,18
50796,1,233,105,-7,-55,39271,4.37,0.0,39
50896,1,253,105,13,-55,41449,-1.59,0.0,33
50996,1,250,104,10,-56,41220,-1.91,0.0,16
51098,1,241,105,1,-55,40356,-1.0,0.0,14
51211,1,239,105,-1,-55,40356,0.0,0.0,19
51329,1,239,105,-1,-55,40356,0.0,0.0,40
51448,1,238,104,-2,-56,40128,0.0,0.0,39
51569,1,239,105,-1,-55,40128,0.0,0.0,25
51677,1,239,105,-1,-55,40128,0.0,0.0,22
51781,1,239,105,-1,-55,40128,0.0,0.0,19
51886,1,239,105,-1,-55,40128,0.0,0.0,18
51997,1,239,104,-1,-56,40075,8.2,0.0,17
52129,1,276,104,36,-56,43616,2.52,0.0,31
52229,1,296,102,56,-58,46215,-6.91,0.0,33
52330,1,282,102,42,-58,44460,-11.09,0.0,23
52431,1,211,104,-29,-56,38194,2.44,0.0,17
52546,1,214,105,-26,-55,26989,7.26,0.0,19
52650,1,245,105,5,-55,40584,0.0,0.0,19
52762,1,247,104,7,-56,40762,-1.66,0.0,18
52862,1,244,105,4,-55,40356,-1.14,0.0,32
52962,1,235,104,-5,-56,39725,-8.11,0.0,37
53062,1,201,103,-39,-57,38076,0.09,0.0,18
53167,1,197,105,-43,-55,37909,11.75,0.0,17
53295,1,235,106,-5,-54,28171,3.36,0.0,17
53461,1,251,105,11,-55,41220,-1.0,0.0,29
53564,1,249,105,9,-55,41220,-2.45,0.0,17
53675,1,238,105,-2,-55,40128,0.0,0.0,15
53795,1,238,105,-2,-55,40128,0.0,0.0,33
53895,1,236,104,-4,-56,40128,0.0,0.0,33
53996,1,237,105,-3,-55,40179,1.0,0.0,29
54104,1,237,104,-3,-56,40128,0.0,0.0,15
54228,1,238,104,-2,-56,39725,0.0,0.0,34
54328,1,237,104,-3,-56,39952,0.0,0.0,13
54428,1,237,104,-3,-56,39952,0.0,0.0,14
54532,1,244,104,4,-56,40356,7.91,0.0,16
54635,1,272,103,32,-57,43197,1.9,0.0,18
54761,1,280,102,40,-58,44460,-3.85,0.0,32
54864,1,249,102,9,-58,40991,-5.15,0.0,20
54968,1,234,104,-6,-56,39498,1.79,0.0,19
55075,1,237,104,-3,-56,39900,1.0,0.0,21
55179,1,240,104,0,-56,40356,0.0,0.0,18
55294,1,241,105,1,-55,40356,0.0,0.0,33
55475,1,241,104,1,-56,40128,-8.27,0.0,16
55585,1,190,104,-50,-56,38076,4.98,0.0,17
55694,1,198,104,-42,-56,37682,12.0,0.0,13
55794,1,255,104,15,-56,41220,1.09,0.0,18
55894,1,260,104,20,-56,42273,-5.19,0.0,14
55994,1,244,104,4,-56,40584,-1.61,0.0,20
56094,1,235,104,-5,-56,39672,1.28,0.0,18
56197,1,237,105,-3,-55,40128,1.0,0.0,22
56327,1,238,105,-2,-55,40128,0.0,0.0,34
56427,1,239,105,-1,-55,40128,0.0,0.0,34
56527,1,240,105,0,-55,40128,0.0,0.0,45
56627,1,240,105,0,-55,40128,0.0,0.0,15
56729,1,239,104,-1,-56,40356,0.0,0.0,13
56844,1,239,104,-1,-56,40356,0.0,0.0,17
56960,1,239,104,-1,-56,40356,0.0,0.0,33
57060,1,240,105,0,-55,40128,8.05,0.0,14
57163,1,263,104,23,-56,42090,4.59,0.0,19
57267,1,281,103,41,-57,44460,-4.27,0.0,17
57393,1,270,103,30,-57,42966,-10.0,0.0,18
57578,1,221,103,-19,-57,38590,0.0,0.0,32
57693,1,225,105,-15,-55,39044,5.29,0.0,18
57826,1,246,105,6,-55,40812,0.0,0.0,16
57926,1,247,105,7,-55,40812,-1.39,0.0,30
58026,1,242,104,2,-56,40356,-8.9,0.0,32
58126,1,205,104,-35,-56,37968,-4.41,0.0,34
58228,1,193,104,-47,-56,37909,12.0,0.0,13
58332,1,217,104,-23,-56,38701,6.03,0.0,13
58441,1,260,104,20,-56,41860,-4.59,0.0,17
58559,1,242,104,2,-56,40128,-2.49,0.0,33
58667,1,232,105,-8,-55,39672,2.06,0.0,12
58774,1,236,105,-4,-55,39900,1.21,0.0,22
58893,1,239,105,-1,-55,40128,0.0,0.0,13
58993,1,243,105,3,-55,40584,0.0,0.0,33
59093,1,247,105,7,-55,40812,-1.61,0.0,43
59193,1,247,105,7,-55,40991,-1.38,0.0,15
59297,1,242,104,2,-56,40356,0.0,0.0,18
59426,1,240,105,0,-55,40356,0.0,0.0,12
59543,1,240,105,0,-55,40356,0.0,0.0,45
59659,1,239,105,-1,-55,40356,0.0,0.0,14
59759,1,239,105,-1,-55,40356,8.25,0.0,15
59859,1,263,104,23,-56,30200,4.35,0.0,19
59964,1,283,103,43,-57,44694,-5.22,0.0,19
60093,1,264,104,24,-56,42735,-8.0,0.0,18
60225,1,220,103,-20,-57,38817,3.3,0.0,32
60325,1,226,104,-14,-56,39044,4.6,0.0,33
60425,1,249,104,9,-56,40991,-1.46,0.0,19
60525,1,248,104,8,-56,40991,-2.35,0.0,16
60630,1,239,105,-1,-55,40179,-7.92,0.0,17
60759,1,230,104,-10,-56,39044,-6.77,0.0,42
60859,1,201,104,-39,-56,37909,-0.24,0.0,34
60961,1,202,105,-38,-55,37848,12.0,0.0,18
61065,1,246,104,6,-56,28855,1.87,0.0,17
61192,1,254,105,14,-55,41268,-4.39,0.0,38
61292,1,239,105,-1,-55,39952,-1.14,0.0,30
61392,1,230,105,-10,-55,39444,2.81,0.0,33
61494,1,240,105,0,-55,40128,1.0,0.0,19
61677,1,244,104,4,-56,40762,-1.59,0.0,22
61791,1,235,105,-5,-55,39725,1.0,0.0,20
61899,1,238,105,-2,-55,39900,1.0,0.0,24
62025,1,237,105,-3,-55,39900,0.0,0.0,34
62125,1,238,105,-2,-55,40128,0.0,0.0,33
62225,1,238,105,-2,-55,40128,0.0,0.0,36
62325,1,238,105,-2,-55,40128,8.47,0.0,14
62429,1,257,105,17,-55,29651,5.24,0.0,19
62546,1,282,102,42,-58,44694,-4.49,0.0,30
62654,1,253,104,13,-56,41449,-5.92,0.0,18
62758,1,230,104,-10,-56,39498,0.0,0.0,47
62860,1,229,104,-11,-56,39444,3.73,0.0,34
62975,1,245,105,5,-55,40584,0.0,0.0,30
63076,1,248,105,8,-55,40584,-2.46,0.0,18
63180,1,237,104,-3,-56,39952,-7.56,0.0,18
63285,1,223,103,-17,-57,38646,-4.77,0.0,18
63391,1,204,103,-36,-57,38136,0.5,0.0,50
63491,1,203,104,-37,-56,38076,11.82,0.0,33
63591,1,219,106,-21,-54,38420,6.46,0.0,32
63697,1,268,103,28,-57,42966,-7.36,0.0,17
63839,1,262,103,22,-57,42504,-8.08,0.0,17
63957,1,197,104,-43,-56,37620,6.54,0.0,33
64057,1,210,105,-30,-55,37909,12.0,0.0,30
64157,1,264,104,24,-56,42504,0.0,0.0,34
64262,1,262,103,22,-57,42320,-8.23,0.0,19
64376,1,235,105,-5,-55,39444,1.44,0.0,22
64481,1,238,105,-2,-55,39952,1.0,0.0,25
64590,1,238,105,-2,-55,40128,0.0,0.0,15
64690,1,238,105,-2,-55,39952,0.0,0.0,33
64790,1,238,105,-2,-55,40179,0.0,0.0,33
64891,1,238,105,-2,-55,40179,8.56,0.0,14
64994,1,273,103,33,-57,43384,1.16,0.0,17
65098,1,274,103,34,-57,43616,-5.13,0.0,18
65225,1,253,104,13,-56,41220,-4.57,0.0,17
65341,1,223,104,-17,-56,38817,3.37,0.0,32
65442,1,235,104,-5,-56,39725,2.84,0.0,19
65542,1,248,104,8,-56,41220,-2.3,0.0,15
65642,1,244,104,4,-56,40762,-1.5,0.0,25
65856,1,236,105,-4,-55,39672,0.0,0.0,37
65956,1,228,103,-12,-57,39044,-5.8,0.0,14
66061,1,205,104,-35,-56,38136,10.76,0.0,15
66175,1,216,105,-24,-55,38136,7.36,0.0,18
66290,1,267,104,27,-56,42688,-3.48,0.0,36
66390,1,259,104,19,-56,41907,-7.93,0.0,18
66496,1,229,105,-11,-55,39498,1.52,0.0,18
66611,1,236,104,-4,-56,39900,2.45,0.0,19
66723,1,244,104,4,-56,40762,-1.25,0.0,19
66823,1,243,105,3,-55,40356,-1.0,0.0,37
66925,1,239,104,-1,-56,40128,0.0,0.0,40
67032,1,239,104,-1,-56,40128,0.0,0.0,25
67138,1,240,104,0,-56,40304,0.0,0.0,17
67257,1,240,104,0,-56,40304,0.0,0.0,13
67373,1,240,104,0,-56,40304,0.0,0.0,17
67478,1,245,104,5,-56,40584,7.82,0.0,19
67689,1,275,102,35,-58,44037,-3.18,0.0,17
67789,1,258,103,18,-57,41860,-7.82,0.0,33
67889,1,226,104,-14,-56,39271,2.35,0.0,19
67994,1,233,105,-7,-55,39444,3.12,0.0,17
68097,1,247,104,7,-56,40762,-2.12,0.0,12
68222,1,243,105,3,-55,40356,-1.0,0.0,18
68322,1,236,104,-4,-56,39900,0.0,0.0,33
68425,1,227,104,-13,-56,38872,-5.59,0.0,12
68530,1,208,104,-32,-56,37909,2.42,0.0,20
68648,1,216,105,-24,-55,38363,9.23,0.0,18
68755,1,254,104,14,-56,41630,-1.82,0.0,36
68855,1,251,105,11,-55,41268,-4.09,0.0,33
68957,1,234,104,-6,-56,39900,0.0,0.0,35
69074,1,232,105,-8,-55,39498,2.74,0.0,17
69188,1,242,105,2,-55,40356,0.0,0.0,14
69322,1,244,105,4,-55,40584,-1.06,0.0,16
69422,1,242,104,2,-56,40304,-1.0,0.0,30
69522,1,240,105,0,-55,40356,0.0,0.0,15
69722,1,240,105,0,-55,40356,0.0,0.0,14
69827,1,240,105,0,-55,40356,0.0,0.0,17
69934,1,240,105,0,-55,40356,8.0,0.0,23
70055,1,240,105,0,-55,40356,8.0,0.0,36
70155,1,251,105,11,-55,40991,7.76,0.0,34
70255,1,286,103,46,-57,44885,-12.0,0.0,33
70355,1,259,103,19,-57,42273,-12.0,0.0,27
70459,1,207,104,-33,-56,38136,7.33,0.0,18
70568,1,205,105,-35,-55,37682,12.0,0.0,17
70680,1,259,104,19,-56,41449,-2.79,0.0,19
70788,1,256,104,16,-56,41630,-7.03,0.0,30
70888,1,234,104,-6,-56,39725,-9.56,0.0,33
70988,1,194,104,-46,-56,37682,2.12,0.0,34
71088,1,193,104,-47,-56,38076,12.0,0.0,28
71188,1,243,106,3,-54,28565,9.51,0.0,33
71292,1,287,102,47,-58,45355,-12.0,0.0,15
71397,1,235,104,-5,-56,39498,-2.08,0.0,19
71508,1,225,104,-15,-56,38988,5.51,0.0,18
71621,1,244,104,4,-56,40356,1.0,0.0,17
71721,1,251,104,11,-56,40991,-2.96,0.0,33
71821,1,242,104,2,-56,40179,-2.17,0.0,30
72023,1,230,104,-10,-56,39271,2.57,0.0,33
72135,1,244,104,4,-56,40584,-1.04,0.0,34
72241,1,240,104,0,-56,40356,0.0,0.0,37
72356,1,242,104,2,-56,40128,0.0,0.0,14
72471,1,241,104,1,-56,40356,0.0,0.0,16
72577,1,241,104,1,-56,40128,0.0,0.0,18
72688,1,241,104,1,-56,40128,0.0,0.0,42
72820,1,241,104,1,-56,40128,0.0,0.0,24
72920,1,241,104,1,-56,40128,0.0,0.0,15
73021,1,242,104,2,-56,28224,0.0,0.0,14
73142,1,242,104,2,-56,28224,0.0,0.0,27
73242,1,241,117,1,-43,40762,0.0,0.0,18
73354,1,240,145,0,-15,40304,0.0,0.0,45
73487,1,240,148,0,-12,39846,0.0,0.0,20
73587,1,241,148,1,-12,40250,0.0,0.0,34
73688,1,240,149,0,-11,39846,0.0,0.0,12
73820,1,240,136,0,-24,39444,0.0,0.0,15
73920,1,240,110,0,-50,39672,0.0,0.0,36
74069,1,241,102,1,-58,40584,0.0,0.0,29
74171,1,242,103,2,-57,40128,0.0,0.0,17
74276,1,241,103,1,-57,40533,0.0,0.0,20
74389,1,241,103,1,-57,40533,0.0,0.0,21
74503,0,0,0,0,0,0,0.0,14.42,12
74620,1,240,174,0,14,40425,0.0,-2.8,15
74720,1,240,162,0,2,39790,0.0,-1.0,14
74820,1,240,159,0,-1,40020,0.0,0.0,28
74933,1,239,160,-1,0,40250,0.0,0.0,20
75046,1,239,160,-1,0,40250,0.0,0.0,19
75153,1,239,160,-1,0,40250,0.0,0.0,14
75253,1,239,160,-1,0,40250,0.0,0.0,48
75365,1,239,172,-1,12,40940,0.0,7.91,33
75469,1,238,213,-2,53,41886,0.0,0.89,17
75571,1,238,204,-2,44,28457,0.0,-10.41,17
75686,1,239,163,-1,3,39560,0.0,-2.51,39
75786,1,240,148,0,-12,39790,0.0,1.0,34
75888,1,239,151,-1,-9,40020,0.0,1.32,16
76007,1,239,152,-1,-8,40020,0.0,1.16,22
76119,1,240,161,0,1,40250,0.0,0.0,12
76223,1,240,159,0,-1,39560,0.0,-8.15,17
76352,1,241,121,1,-39,39444,0.0,-3.95,17
76452,1,242,96,2,-64,40356,0.0,9.96,36
76556,1,242,136,2,-24,41724,0.0,8.01,16
76666,1,240,167,0,7,40656,0.0,-1.0,18
76785,1,241,166,1,6,40194,0.0,-1.0,43
76885,1,240,163,0,3,40020,0.0,-1.0,19
76985,1,240,158,0,-2,40020,0.0,0.0,30
77085,1,240,157,0,-3,40020,0.0,0.0,13
77185,1,239,158,-1,-2,40020,0.0,0.0,15
77290,1,240,157,0,-3,40194,0.0,0.0,18
77419,1,240,157,0,-3,40194,0.0,0.0,37
77535,1,240,157,0,-3,40194,0.0,0.0,19
77652,1,240,157,0,-3,40194,0.0,0.0,17
77753,1,240,157,0,-3,40020,0.0,0.0,34
77985,1,240,157,0,-3,40020,0.0,8.48,36
78085,1,239,172,-1,12,41170,0.0,0.0,17
78185,1,240,181,0,21,39904,0.0,-4.74,13
78288,1,239,161,-1,1,40020,0.0,-1.0,13
78418,1,239,157,-1,-3,40020,0.0,0.0,18
78518,1,239,157,-1,-3,40250,0.0,0.0,33
78618,1,239,156,-1,-4,40020,0.0,1.0,16
78718,1,239,159,-1,-1,40020,0.0,0.0,15
78818,1,239,153,-1,-7,38930,0.0,-7.58,12
78918,1,240,117,0,-43,27885,0.0,-5.43,44
79018,1,241,90,1,-70,40128,0.0,12.0,35
79118,1,242,102,2,-58,41768,0.0,12.0,37
79219,1,239,207,-1,47,40950,0.0,0.0,52
79351,1,239,205,-1,45,40950,0.0,-11.71,33
79451,1,241,134,1,-26,38760,0.0,-2.93,33
79551,1,241,115,1,-45,40584,0.0,13.59,19
79656,1,240,178,0,18,39963,0.0,0.0,17
79785,1,240,168,0,8,39963,0.0,-2.99,30
79917,1,240,155,0,-5,40075,0.0,0.0,27
80017,1,240,154,0,-6,40250,0.0,1.73,29
80117,1,240,161,0,1,40194,0.0,0.0,33
80217,1,240,164,0,4,39963,0.0,-1.0,18
80369,1,240,161,0,1,39963,0.0,0.0,13
80486,1,240,160,0,0,40194,0.0,0.0,34
80617,1,240,160,0,0,40020,0.0,8.04,37
80717,1,240,160,0,0,40020,0.0,8.02,34
80818,1,239,193,-1,33,41064,0.0,-3.48,13
80922,1,239,174,-1,14,39963,0.0,-3.54,18
81050,1,240,159,0,-1,39790,0.0,0.0,44
81150,1,239,156,-1,-4,39790,0.0,1.0,37
81250,1,239,158,-1,-2,40194,0.0,1.0,36
81350,1,239,161,-1,1,40020,0.0,0.0,16
81450,1,240,161,0,1,40194,0.0,0.0,14
81550,1,239,147,-1,-13,39388,0.0,-7.06,19
81664,1,241,110,1,-50,39900,0.0,1.69,18
81783,1,241,111,1,-49,41040,0.0,11.45,48
81888,1,239,207,-1,47,42065,0.0,0.0,55
81997,1,240,205,0,45,28457,0.0,-11.81,27
82117,1,239,143,-1,-17,39388,0.0,1.98,17
82224,1,240,148,0,-12,40304,0.0,3.86,18
82350,1,240,167,0,7,40425,0.0,-1.2,19
82450,1,239,170,-1,10,40425,0.0,-2.43,21
82630,1,240,162,0,2,39963,0.0,-1.0,18
82739,1,240,154,0,-6,39846,0.0,2.03,18
82850,1,240,157,0,-3,40250,0.0,1.06,35
82950,1,240,161,0,1,40250,0.0,0.0,28
83050,1,240,160,0,0,40250,0.0,0.0,19
83150,1,240,160,0,0,40250,0.0,0.0,14
83264,1,240,160,0,0,40250,0.0,0.0,18
83370,1,240,160,0,0,40250,0.0,8.0,14
83473,1,239,196,-1,36,41418,0.0,2.58,16
83580,1,240,205,0,45,40716,0.0,-10.38,21
83683,1,239,172,-1,12,38870,0.0,-6.42,33
83786,1,240,144,0,-16,39846,0.0,2.27,17
83898,1,240,147,0,-13,40075,0.0,2.49,23
84000,1,240,159,0,-1,40480,0.0,1.0,19
84104,1,240,163,0,3,39963,0.0,0.0,16
84216,1,240,164,0,4,40194,0.0,-1.0,24
84316,1,239,152,-1,-8,39388,0.0,-7.5,18
84485,1,241,122,1,-38,39216,0.0,-2.68,14
84616,1,241,101,1,-59,41541,0.0,12.0,35
84716,1,241,137,1,-23,41449,0.0,4.61,23
84816,1,240,197,0,37,41184,0.0,-5.99,18
84919,1,240,168,0,8,39732,0.0,-2.41,19
85049,1,239,158,-1,-2,40020,0.0,0.0,12
85149,1,239,157,-1,-3,40020,0.0,0.0,34
85251,1,239,157,-1,-3,40020,0.0,1.0,12
85366,1,240,159,0,-1,40020,0.0,0.0,17
85482,1,240,158,0,-2,40020,0.0,0.0,33
85583,1,240,158,0,-2,40020,0.0,0.0,14
85699,1,239,159,-1,-1,40020,0.0,0.0,20
85804,1,239,159,-1,-1,40020,0.0,0.0,19
85915,1,239,159,-1,-1,40020,0.0,0.0,43
86015,1,239,159,-1,-1,40250,0.0,8.2,14
86115,1,239,194,-1,34,41241,0.0,5.61,36
86215,1,238,225,-2,65,42008,0.0,-12.0,32
86315,1,239,173,-1,13,39330,0.0,-8.39,26
86415,1,240,128,0,-32,39617,0.0,5.04,17
86524,1,240,150,0,-10,40991,0.0,4.53,16
86681,1,240,162,0,2,40710,0.0,1.13,19
86781,1,240,177,0,17,40425,0.0,-3.21,30
86881,1,241,163,1,3,39330,0.0,-10.62,29
86981,1,241,111,1,-49,28080,0.0,-5.99,35
87081,1,242,85,2,-75,28959,0.0,12.0,33
87198,0,0,0,0,0,0,0.0,0.0,32
87315,1,240,158,0,-2,40020,0.0,0.0,13
87415,1,240,158,0,-2,40020,0.0,0.0,14
87522,1,240,158,0,-2,40020,0.0,0.0,17
87648,1,240,158,0,-2,40020,0.0,0.0,16
87748,1,240,158,0,-2,40020,0.0,8.4,38
87848,1,240,158,0,-2,40020,0.0,8.4,35
87948,1,240,184,0,24,29106,0.0,5.26,19
88048,1,240,198,0,38,39672,0.0,-11.38,12
88151,1,240,153,0,-7,39159,0.0,-1.0,19
88258,1,240,144,0,-16,40480,0.0,4.06,13
88381,1,241,160,1,0,40250,0.0,0.0,21
88481,1,241,161,1,1,40194,0.0,0.0,34
88581,1,241,162,1,2,40194,0.0,0.0,34
88681,1,240,158,0,-2,39330,0.0,-8.65,12
88783,1,241,113,1,-47,39672,0.0,0.3,20
88982,1,242,107,2,-53,40812,0.0,12.0,15
89097,1,238,241,-2,81,30044,0.0,0.0,14
89214,1,238,222,-2,62,28600,0.0,-16.0,13
89316,1,240,148,0,-12,40533,0.0,0.0,16
89447,1,240,153,0,-7,40020,0.0,1.32,19
89547,1,240,159,0,-1,40020,0.0,1.0,36
89647,1,240,162,0,2,40425,0.0,0.0,34
89747,1,241,161,1,1,40020,0.0,0.0,32
89847,1,241,161,1,1,40194,0.0,0.0,34
89947,1,240,162,0,2,40020,0.0,0.0,34
90047,1,240,162,0,2,40020,0.0,0.0,35
90147,1,240,162,0,2,40250,0.0,7.58,13
90252,1,239,218,-1,58,42244,0.0,-6.07,18
90361,1,239,194,-1,34,39904,0.0,-10.55,24
90480,1,240,157,0,-3,39617,0.0,-1.6,18
90580,1,241,144,1,-16,40075,0.0,2.95,33
90681,1,240,153,0,-7,40250,0.0,2.04,24
90798,1,240,167,0,7,40425,0.0,-1.34,12
90902,1,240,163,0,3,40425,0.0,-1.0,13
91013,1,240,161,0,1,40020,0.0,-8.11,16
91113,1,240,161,0,1,40020,0.0,-8.1,31
91213,1,241,125,1,-35,39216,0.0,3.27,34
91313,1,242,118,2,-42,41087,0.0,12.0,33
91422,1,240,179,0,19,40136,0.0,0.0,21
91579,1,241,178,1,18,40425,0.0,-3.59,16
91683,1,241,142,1,-18,40075,0.0,3.25,18
91798,1,241,156,1,-4,40710,0.0,1.55,17
91913,1,241,163,1,3,39963,0.0,0.0,22
92013,1,241,161,1,1,40250,0.0,0.0,12
92113,1,242,161,2,1,40250,0.0,0.0,14
92217,1,241,162,1,2,40250,0.0,0.0,16
92346,1,241,163,1,3,40480,0.0,7.59,30
92446,1,239,205,-1,45,41886,0.0,2.83,33
92546,1,240,213,0,53,40248,0.0,-12.0,13
92646,1,240,151,0,-9,39100,0.0,0.0,33
92746,1,241,150,1,-10,40304,0.0,2.4,12
92879,1,240,158,0,-2,40250,0.0,1.0,18
92979,1,241,162,1,2,40194,0.0,0.0,42
93093,1,241,161,1,1,39963,0.0,0.0,15
93212,1,240,161,0,1,40194,0.0,0.0,33
93312,1,241,161,1,1,40194,0.0,0.0,33
93412,1,240,167,0,7,41349,0.0,7.62,13
93545,1,239,207,-1,47,41360,0.0,-2.57,18
93645,1,239,197,-1,37,40136,0.0,-11.56,30
93812,1,240,149,0,-11,38930,0.0,-1.24,17
93927,1,241,133,1,-27,40584,0.0,7.89,18
94045,1,240,176,0,16,40887,0.0,1.0,34
94145,1,240,185,0,25,40136,0.0,-5.71,32
94249,1,241,156,1,-4,40020,0.0,-7.87,16
94358,1,241,149,1,-11,40020,0.0,-5.87,16
94470,1,241,120,1,-40,39846,0.0,8.31,19
94578,1,241,115,1,-45,39900,0.0,11.82,53
94678,1,240,202,0,42,42639,0.0,1.58,34
94778,1,240,209,0,49,28258,0.0,-12.0,33
94882,1,241,141,1,-19,40075,0.0,0.0,44
94985,1,241,147,1,-13,40480,0.0,3.1,13
95112,1,240,160,0,0,40194,0.0,1.0,31
95245,1,241,164,1,4,40194,0.0,-1.16,45
95345,1,240,163,0,3,40194,0.0,0.0,15
95447,1,240,163,0,3,40194,0.0,0.0,12
95563,1,240,163,0,3,40194,0.0,0.0,18
95667,1,240,173,0,13,41349,0.0,7.06,16
95779,1,240,201,0,41,41652,0.0,-0.62,16
95911,1,240,191,0,31,40309,0.0,-9.75,33
96011,1,239,160,-1,0,39330,0.0,-3.7,33
96213,1,240,150,0,-10,40304,0.0,4.06,119
96344,1,240,164,0,4,40425,0.0,0.0,34
96445,1,241,165,1,5,40194,0.0,-1.11,30
96577,1,241,159,1,-1,39560,0.0,-8.5,34
96683,1,241,118,1,-42,38988,0.0,-0.56,17
96790,1,242,110,2,-50,40812,0.0,12.0,14
96897,1,241,160,1,0,39963,0.0,0.0,17
97011,1,241,160,1,0,40250,0.0,0.0,15
97111,1,241,160,1,0,40250,0.0,0.0,15
97211,1,241,160,1,0,40250,0.0,0.0,14
97316,1,240,160,0,0,40020,0.0,0.0,17
97420,1,242,159,2,-1,40250,0.0,8.04,16
97544,1,240,176,0,16,41064,0.0,7.58,35
97644,1,240,214,0,54,41652,0.0,-10.36,31
97744,1,239,176,-1,16,39330,0.0,-7.6,23
97844,1,240,130,0,-30,39846,0.0,4.52,19
97947,1,241,154,1,-6,40710,0.0,2.81,21
98057,1,240,166,0,6,40194,0.0,-1.21,15
98263,1,241,163,1,3,39963,0.0,-1.0,29
98369,1,241,145,1,-15,39159,0.0,-6.32,19
98477,1,241,116,1,-44,39846,0.0,-0.27,33
98577,1,242,110,2,-50,40356,0.0,12.0,29
98678,0,0,0,0,0,0,0.0,0.0,51
98794,1,240,196,0,36,40775,0.0,-8.7,29
98898,1,240,169,0,9,27777,0.0,-2.99,18
99000,1,240,155,0,-5,40250,0.0,1.36,16
99110,1,240,157,0,-3,40250,0.0,1.26,48
99210,1,240,161,0,1,40250,0.0,0.0,32
99310,1,240,160,0,0,40250,0.0,0.0,14
99410,1,240,160,0,0,40250,0.0,0.0,14
99511,1,240,160,0,0,40250,0.0,0.0,20
99628,1,240,160,0,0,40250,0.0,8.0,15
99743,1,239,192,-1,32,29253,0.0,5.56,37
99844,1,239,222,-1,62,41772,0.0,-6.81,33
99959,1,240,166,0,6,27832,0.0,-5.04,15
100065,1,241,144,1,-16,40075,0.0,3.47,18
100178,1,241,156,1,-4,40533,0.0,2.02,46
100293,1,240,166,0,6,40425,0.0,-1.38,13
100399,1,240,162,0,2,40194,0.0,-1.0,14
100520,1,241,162,1,2,40194,0.0,0.0,27
100627,1,241,149,1,-11,27636,0.0,-7.31,25
100742,1,241,115,1,-45,39617,0.0,1.01,17
100842,1,242,111,2,-49,40356,0.0,12.0,13
100942,1,240,198,0,38,41241,0.0,-2.98,16
101042,1,239,186,-1,26,28116,0.0,-9.26,19
101152,1,241,146,1,-14,39846,0.0,2.58,19
101276,1,241,154,1,-6,40480,0.0,1.91,12
101376,1,240,162,0,2,40425,0.0,0.0,37
101476,1,241,165,1,5,40194,0.0,-1.0,37
101609,1,240,161,0,1,40194,0.0,0.0,35
101709,1,241,161,1,1,39963,0.0,0.0,14
101818,1,241,161,1,1,40194,0.0,0.0,17
101942,1,241,161,1,1,40194,0.0,0.0,16
102042,1,241,161,1,1,39963,0.0,0.0,33
102142,1,241,161,1,1,40194,0.0,0.0,34
102242,1,240,172,0,12,41349,0.0,7.8,35
102342,1,239,213,-1,53,41830,0.0,-1.07,31
102442,1,238,216,-2,56,40655,0.0,-12.0,20
102542,1,240,165,0,5,39159,0.0,-3.14,19
102642,1,242,124,2,-36,40304,0.0,8.34,18
102742,1,241,160,1,0,40710,0.0,2.83,18
102875,1,240,168,0,8,40887,0.0,1.0,26
102975,1,240,179,0,19,40368,0.0,-4.27,31
103075,1,240,165,0,5,39790,0.0,-10.67,33
103175,1,242,129,2,-31,38988,0.0,-5.73,33
103275,1,242,97,2,-63,40812,0.0,12.0,16
103380,1,241,143,1,-17,40020,0.0,0.0,20
103492,1,241,150,1,-10,40250,0.0,2.09,22
103608,1,241,163,1,3,40480,0.0,0.0,33
103708,1,241,165,1,5,40194,0.0,-1.4,29
103808,1,241,161,1,1,40194,0.0,0.0,17
103909,1,241,161,1,1,40194,0.0,0.0,18
104025,1,241,161,1,1,40194,0.0,0.0,18
104130,1,241,161,1,1,40194,0.0,0.0,19
104243,1,241,161,1,1,40194,0.0,7.59,19
104357,1,239,201,-1,41,41707,0.0,1.79,30
104458,1,239,208,-1,48,40890,0.0,-12.0,15
104561,1,241,154,1,-6,38870,0.0,-1.63,19
104674,1,241,138,1,-22,40075,0.0,4.16,33
104774,1,241,149,1,-11,40480,0.0,4.15,37
104880,1,241,173,1,13,40425,0.0,-2.68,17
105089,1,241,162,1,2,40020,0.0,-1.0,14
105198,1,241,141,1,-19,39617,0.0,-4.91,22
105307,1,241,118,1,-42,40075,0.0,0.82,35
105407,1,241,121,1,-39,40991,0.0,11.77,15
105507,1,241,184,1,24,41118,0.0,0.0,13
105608,1,241,179,1,19,39732,0.0,-5.63,18
105726,1,241,154,1,-6,40020,0.0,1.24,22
105829,1,241,157,1,-3,40250,0.0,1.0,13
105935,1,241,160,1,0,40250,0.0,0.0,19
106040,1,241,160,1,0,40250,0.0,0.0,38
106140,1,241,161,1,1,40250,0.0,0.0,33
106240,1,240,161,0,1,40250,0.0,0.0,33
106340,1,240,161,0,1,40020,0.0,0.0,12
106440,1,241,161,1,1,40020,0.0,0.0,14
106540,1,241,161,1,1,40020,0.0,0.0,14
106642,1,240,161,0,1,40250,0.0,0.0,13
106758,1,240,161,0,1,40250,0.0,7.76,14
106864,1,240,196,0,36,41241,0.0,0.25,18
107056,1,240,197,0,37,40775,0.0,-3.94,34
107157,1,239,154,-1,-6,39790,0.0,0.0,23
107266,1,240,151,0,-9,40304,0.0,2.97,18
107373,1,240,161,0,1,40425,0.0,0.0,19
107473,1,241,164,1,4,40194,0.0,-1.14,16
107573,1,240,161,0,1,40194,0.0,0.0,37
107673,1,241,159,1,-1,39790,0.0,-7.97,12
107773,1,241,127,1,-33,39216,0.0,-2.11,21
107880,1,242,115,2,-45,40584,0.0,12.0,12
108008,1,241,161,1,1,41400,0.0,2.47,34
108140,1,240,199,0,39,40076,0.0,-12.0,30
108243,1,241,144,1,-16,38930,0.0,-1.0,18
108343,1,241,130,1,-30,40533,0.0,9.97,15
108473,1,240,175,0,15,40832,0.0,0.0,41
108573,1,241,175,1,15,39963,0.0,-4.58,33
108677,1,240,154,0,-6,39790,0.0,0.0,19
108781,1,240,152,0,-8,40480,0.0,2.89,24
108890,1,241,157,1,-3,40250,0.0,1.12,22
109008,1,240,161,0,1,40250,0.0,0.0,47
109223,1,240,161,0,1,40250,0.0,0.0,17
109340,1,240,161,0,1,40250,0.0,0.0,13
109472,1,240,161,0,1,40250,0.0,7.76,14
109572,1,240,161,0,1,40250,0.0,7.76,32
109672,1,239,203,-1,43,42065,0.0,-2.89,34
109772,1,240,204,0,44,40248,0.0,-12.0,14
109878,1,241,130,1,-30,40075,0.0,3.97,17
109982,1,241,146,1,-14,28812,0.0,4.15,16
110093,1,241,172,1,12,40194,0.0,-3.4,15
110205,1,240,162,0,2,40020,0.0,-1.0,17
110305,1,240,158,0,-2,40020,0.0,0.0,19
110405,1,240,153,0,-7,39330,0.0,-6.22,26
110509,1,242,104,2,-56,39900,0.0,6.02,21
110642,0,0,0,0,0,0,0.0,0.0,42
110753,1,241,155,1,-5,40250,0.0,1.0,16
110857,1,241,159,1,-1,40480,0.0,0.0,14
110972,1,241,158,1,-2,40194,0.0,0.0,13
111072,1,241,158,1,-2,40194,0.0,0.0,35
111172,1,241,158,1,-2,40194,0.0,0.0,14
111272,1,241,158,1,-2,40194,0.0,0.0,33
111405,1,241,158,1,-2,40194,0.0,8.5,41
111505,1,239,216,-1,56,42770,0.0,-12.0,15
111605,1,240,236,0,76,29841,0.0,-16.0,17
111705,1,239,237,-1,77,29694,0.0,-16.0,14
111805,1,237,212,-3,52,40014,0.0,-14.85,16
111917,1,241,139,1,-21,40075,0.0,4.32,18
112038,1,241,155,1,-5,40533,0.0,2.29,33
112138,1,240,165,0,5,40194,0.0,0.0,28
112238,1,241,165,1,5,40194,0.0,-1.64,37
112338,1,241,159,1,-1,40020,0.0,0.0,33
112438,1,241,158,1,-2,40250,0.0,0.0,15
112538,1,241,158,1,-2,40250,0.0,0.0,15
112638,1,241,158,1,-2,40250,0.0,0.0,14
112750,1,241,158,1,-2,40250,0.0,0.0,18
112871,1,241,164,1,4,40710,0.0,8.09,34
112973,1,240,213,0,53,41418,0.0,-5.08,18
113073,1,240,202,0,42,40076,0.0,-12.0,12
113204,1,241,137,1,-23,39846,0.0,2.02,46
113304,1,241,141,1,-19,40533,0.0,6.94,34
113407,1,241,177,1,17,40832,0.0,-2.36,17
113507,1,240,170,0,10,39790,0.0,-3.36,18
113618,1,241,157,1,-3,40020,0.0,0.0,16
113813,1,241,156,1,-4,40020,0.0,-6.83,15
113937,1,242,98,2,-62,41268,0.0,12.0,17
114043,1,241,158,1,-2,39560,0.0,0.0,22
114143,1,240,157,0,-3,40020,0.0,1.0,24
114257,1,241,157,1,-3,40250,0.0,1.0,18
114361,1,240,160,0,0,40194,0.0,0.0,20
114470,1,241,160,1,0,40194,0.0,0.0,42
114570,1,240,163,0,3,40887,0.0,7.71,16
114676,1,239,206,-1,46,41184,0.0,-5.72,16
114804,1,239,188,-1,28,40076,0.0,-7.63,16
114937,1,242,126,2,-34,40304,0.0,7.0,33
115040,1,240,157,0,-3,41170,0.0,2.99,18
115151,1,240,171,0,11,40194,0.0,-3.23,16
115270,1,241,160,1,0,39963,0.0,-1.07,36
115370,1,240,150,0,-10,40020,0.0,2.08,33
115474,1,241,156,1,-4,39790,0.0,-7.1,18
115590,1,242,120,2,-40,40075,0.0,2.34,18
115703,1,241,126,1,-34,40812,0.0,12.0,32
115806,1,242,170,2,10,41400,0.0,1.16,34
115920,1,240,203,0,43,40248,0.0,-12.0,15
116027,1,241,157,1,-3,40250,0.0,0.0,16
116177,1,241,157,1,-3,40250,0.0,0.0,16
116284,1,240,157,0,-3,40194,0.0,0.0,20
116384,1,241,157,1,-3,40250,0.0,0.0,20
116503,1,241,157,1,-3,40250,0.0,0.0,12
116604,1,241,157,1,-3,40250,0.0,8.72,13
116736,1,240,157,0,-3,40425,0.0,8.72,32
116836,1,239,203,-1,43,42354,0.0,-4.61,34
116936,1,239,203,-1,43,40309,0.0,-12.0,30
117036,1,241,140,1,-20,27832,0.0,-3.65,36
117137,1,242,100,2,-60,40812,0.0,12.0,33
117241,1,241,170,1,10,41349,0.0,0.0,44
117369,1,240,165,0,5,40425,0.0,-1.0,18
117477,1,241,160,1,0,40194,0.0,0.0,22
117585,1,240,160,0,0,40425,0.0,0.0,19
117690,1,240,160,0,0,40425,0.0,0.0,18
117802,1,240,160,0,0,40425,0.0,0.0,44
117902,1,240,160,0,0,40425,0.0,8.0,34
118006,1,239,194,-1,34,41474,0.0,0.76,17
118121,1,239,196,-1,36,40542,0.0,-11.05,20
118235,1,241,145,1,-15,40480,0.0,0.0,23
118435,1,241,150,1,-10,40480,0.0,2.38,18
118535,1,240,170,0,10,40656,0.0,-1.14,33
118635,1,241,168,1,8,39963,0.0,-2.7,29
118735,1,241,156,1,-4,40020,0.0,0.0,34
118836,1,241,155,1,-5,40480,0.0,1.64,16
118969,1,241,161,1,1,40250,0.0,0.0,28
119102,1,241,160,1,0,40250,0.0,0.0,16
119204,1,241,160,1,0,40250,0.0,0.0,35
119335,1,241,160,1,0,40250,0.0,0.0,33
119435,1,241,168,1,8,41170,0.0,8.0,33
119537,1,240,212,0,52,41830,0.0,2.27,33
119649,1,239,206,-1,46,28457,0.0,-12.0,20
119752,1,240,147,0,-13,40480,0.0,0.0,19
119862,1,241,152,1,-8,40480,0.0,1.63,19
119968,1,241,157,1,-3,40480,0.0,1.0,32
120068,1,241,162,1,2,40194,0.0,0.0,30
120168,1,240,162,0,2,40194,0.0,0.0,33
120268,1,240,162,0,2,40194,0.0,0.0,12
120373,1,241,161,1,1,40194,0.0,0.0,17
120477,1,241,161,1,1,40194,0.0,7.77,18
120601,1,240,195,0,35,41474,0.0,4.32,36
120801,1,240,214,0,54,41595,0.0,-9.09,31
120903,1,240,138,0,-22,38988,0.0,-1.68,34
121003,1,241,125,1,-35,41220,0.0,12.0,13
121107,1,241,173,1,13,40887,0.0,0.0,17
121221,1,240,170,0,10,39790,0.0,-3.38,20
121334,1,241,154,1,-6,40020,0.0,1.45,19
121435,1,240,154,0,-6,28171,0.0,-6.79,20
121569,1,242,121,2,-39,39444,0.0,1.31,18
121681,1,241,117,1,-43,40533,0.0,12.0,34
121787,1,240,195,0,35,41008,0.0,-4.24,19
121895,1,240,170,0,10,39270,0.0,-7.59,12
122001,1,241,134,1,-26,40075,0.0,2.62,35
122118,1,240,154,0,-6,41220,0.0,3.81,27
122234,1,240,175,0,15,40368,0.0,-3.95,18
122334,1,240,160,0,0,40020,0.0,-1.0,18
122467,1,240,156,0,-4,40250,0.0,1.29,19
122568,1,241,158,1,-2,39790,0.0,0.0,24
122683,1,240,157,0,-3,40250,0.0,0.0,24
122788,1,241,158,1,-2,39790,0.0,0.0,15
122975,1,241,158,1,-2,39790,0.0,0.0,16
123081,1,240,160,0,0,40710,0.0,8.52,19
123192,1,239,204,-1,44,41184,0.0,-5.39,17
123306,1,239,176,-1,16,39330,0.0,-6.82,17
123418,1,240,145,0,-15,40020,0.0,3.92,18
123533,1,241,159,1,-1,40425,0.0,3.35,37
123633,1,240,175,0,15,40368,0.0,-3.04,34
123733,1,240,169,0,9,39790,0.0,-3.64,33
123833,1,241,151,1,-9,40020,0.0,0.0,29
123935,1,241,150,1,-10,40304,0.0,3.76,34
124050,1,241,147,1,-13,38930,0.0,-6.33,17
124159,1,241,118,1,-42,40304,0.0,12.0,20
124267,1,241,163,1,3,40940,0.0,7.48,16
124380,1,240,182,0,22,28116,0.0,-7.43,18
124500,1,240,154,0,-6,40020,0.0,0.0,16
124600,1,240,150,0,-10,40250,0.0,3.71,33
124700,1,240,168,0,8,40368,0.0,-1.29,16
124800,1,240,165,0,5,40020,0.0,-1.97,16
124909,1,240,159,0,-1,40250,0.0,0.0,17
125066,1,240,159,0,-1,40250,0.0,0.0,12
125166,1,241,159,1,-1,40020,0.0,0.0,33
125267,1,240,158,0,-2,40020,0.0,0.0,14
125381,1,240,159,0,-1,40250,0.0,0.0,18
125487,1,241,159,1,-1,39790,0.0,0.0,19
125599,1,240,159,0,-1,40250,0.0,0.0,17
125699,1,240,159,0,-1,40480,0.0,8.34,30
125802,1,240,205,0,45,41595,0.0,-5.23,14
125908,1,239,183,-1,23,39440,0.0,-9.22,24
126032,1,241,137,1,-23,40075,0.0,3.01,52
126132,1,241,145,1,-15,40533,0.0,5.94,31
126237,1,240,177,0,17,40600,0.0,-3.7,17
126366,1,240,161,0,1,40020,0.0,-1.7,20
126466,1,240,153,0,-7,28171,0.0,1.52,30
126568,1,240,155,0,-5,39560,0.0,-6.66,17
126668,1,241,126,1,-34,27636,0.0,-0.89,19
126799,1,242,125,2,-35,40812,0.0,12.0,35
126902,1,240,200,0,40,41940,0.0,-6.0,19
127018,1,240,166,0,6,39100,0.0,-9.12,22
127215,1,240,130,0,-30,40075,0.0,7.04,19
127332,1,240,188,0,28,40542,0.0,-6.17,16
127432,1,240,161,0,1,39330,0.0,-4.77,35
127532,1,241,137,1,-23,40020,0.0,3.91,33
127632,1,240,158,0,-2,40940,0.0,3.33,16
127732,1,241,164,1,4,40250,0.0,-1.0,12
127832,1,241,161,1,1,40250,0.0,0.0,15
127965,1,241,161,1,1,40250,0.0,0.0,12
128065,1,241,161,1,1,40250,0.0,0.0,34
128165,1,241,161,1,1,40250,0.0,0.0,34
128265,1,241,161,1,1,40480,0.0,7.72,30
128369,1,239,208,-1,48,41652,0.0,-4.43,19
128482,1,239,185,-1,25,39440,0.0,-10.08,22
128598,1,241,136,1,-24,39846,0.0,5.38,19
128700,1,241,156,1,-4,41170,0.0,5.52,33
128800,1,240,186,0,26,40600,0.0,-7.03,16
128905,1,240,158,0,-2,39790,0.0,-1.03,17
129032,1,240,150,0,-10,40250,0.0,3.97,13
129164,1,241,169,1,9,40020,0.0,-9.54,34
129269,1,242,124,2,-36,27885,0.0,-1.64,18
129378,1,242,110,2,-50,40304,0.0,12.0,23
129531,1,241,115,1,-45,40533,0.0,12.0,15
129631,0,0,0,0,0,0,0.0,12.0,34
129733,0,0,0,0,0,0,0.0,0.0,11
129848,0,0,0,0,0,0,0.0,0.0,20
129953,0,0,0,0,0,0,0.0,0.0,19
130065,0,0,0,0,0,0,0.0,0.0,16
130178,0,0,0,0,0,0,0.0,0.0,20
130297,0,0,0,0,0,0,0.0,0.0,19
130399,0,0,0,0,0,0,0.0,0.0,12
130514,0,0,0,0,0,0,0.0,0.0,11
130619,0,0,0,0,0,0,0.0,0.0,20
130733,0,0,0,0,0,0,0.0,0.0,40
130843,0,0,0,0,0,0,0.0,0.0,33
130945,0,0,0,0,0,0,0.0,0.0,26
131057,0,0,0,0,0,0,0.0,0.0,11
131164,0,0,0,0,0,0,0.0,0.0,13
131264,0,0,0,0,0,0,0.0,0.0,17
131364,0,0,0,0,0,0,0.0,0.0,26
131464,0,0,0,0,0,0,0.0,0.0,35
131597,0,0,0,0,0,0,0.0,0.0,21
131697,0,0,0,0,0,0,0.0,0.0,15
131797,0,0,0,0,0,0,0.0,0.0,11
131898,0,0,0,0,0,0,0.0,0.0,16
132005,0,0,0,0,0,0,0.0,0.0,17
132108,0,0,0,0,0,0,0.0,0.0,16
132230,0,0,0,0,0,0,0.0,0.0,18
132330,0,0,0,0,0,0,0.0,0.0,34
132431,0,0,0,0,0,0,0.0,0.0,34
132542,0,0,0,0,0,0,0.0,0.0,20
132650,0,0,0,0,0,0,0.0,0.0,19
132755,0,0,0,0,0,0,0.0,0.0,11
132861,0,0,0,0,0,0,0.0,0.0,19
132963,0,0,0,0,0,0,0.0,0.0,51
133063,0,0,0,0,0,0,0.0,0.0,14
133163,0,0,0,0,0,0,0.0,0.0,11
133266,0,0,0,0,0,0,0.0,0.0,13
133370,0,0,0,0,0,0,0.0,0.0,16
133496,0,0,0,0,0,0,0.0,0.0,36
133596,0,0,0,0,0,0,0.0,0.0,20
133696,0,0,0,0,0,0,0.0,0.0,21
133797,0,0,0,0,0,0,0.0,0.0,11
133903,1,237,240,-3,80,29638,0.0,-16.0,19
134017,1,239,199,-1,39,27860,0.0,-10.46,18
134131,1,242,143,2,-17,40020,0.0,2.41,20
134248,1,241,152,1,-8,40304,0.0,4.2,40
134363,1,240,165,0,5,40425,0.0,-1.34,18
134463,1,240,163,0,3,40250,0.0,-1.0,13
134566,1,240,161,0,1,40250,0.0,0.0,15
134696,1,240,161,0,1,40250,0.0,0.0,48
134797,1,240,161,0,1,40250,0.0,0.0,13
134912,1,240,161,0,1,40250,0.0,7.72,21
135018,1,240,161,0,1,40250,0.0,7.72,20
135129,1,239,178,-1,18,41296,0.0,3.37,16
135229,1,240,212,0,52,41595,0.0,-12.0,36
135329,1,240,191,0,31,39208,0.0,-10.4,24
135436,1,240,122,0,-38,40533,0.0,0.0,22
135545,1,242,147,2,-13,40762,0.0,4.75,17
135658,1,240,168,0,8,40425,0.0,-1.76,20
135762,1,240,163,0,3,40194,0.0,-1.51,40
135862,1,240,157,0,-3,40020,0.0,0.0,31
135973,1,241,156,1,-4,39963,0.0,0.0,38
136076,1,240,157,0,-3,40425,0.0,1.07,19
136195,1,241,159,1,-1,40194,0.0,0.0,12
136297,1,240,160,0,0,40425,0.0,0.0,17
136428,1,240,160,0,0,40425,0.0,7.97,37
136531,1,239,194,-1,34,29054,0.0,0.01,17
136631,1,239,188,-1,28,39843,0.0,-12.0,16
136747,1,240,134,0,-26,39159,0.0,4.12,18
136847,1,241,138,1,-22,40762,0.0,7.28,20
136955,1,240,177,0,17,40368,0.0,-4.71,18
137095,1,240,157,0,-3,40020,0.0,0.0,20
137197,1,240,153,0,-7,40250,0.0,2.18,29
137328,1,240,162,0,2,40480,0.0,-8.01,30
137428,1,241,149,1,-11,39159,0.0,-8.23,33
137532,1,242,99,2,-61,40356,0.0,12.0,15
137632,1,241,151,1,-9,40710,0.0,0.0,42
137761,1,241,152,1,-8,40480,0.0,2.32,36
137862,1,240,162,0,2,40425,0.0,0.0,33
137994,1,240,163,0,3,40194,0.0,-1.12,26
138094,1,241,161,1,1,39963,0.0,0.0,37
138272,1,241,160,1,0,40250,0.0,0.0,20
138376,1,240,161,0,1,40656,0.0,8.35,17
138483,1,239,202,-1,42,41418,0.0,-3.87,18
138594,1,240,183,0,23,39440,0.0,-12.0,37
138694,1,241,133,1,-27,39216,0.0,1.47,31
138794,1,242,90,2,-70,41220,0.0,12.0,30
138896,1,242,130,2,-30,29792,0.0,11.63,12
139012,1,240,207,0,47,41418,0.0,-12.92,24
139116,1,241,165,1,5,38870,0.0,-3.55,14
139229,1,241,145,1,-15,39846,0.0,3.63,36
139360,1,240,162,0,2,40710,0.0,1.0,30
139460,1,240,174,0,14,40136,0.0,-3.06,34
139563,1,240,161,0,1,40020,0.0,-1.0,21
139675,1,241,157,1,-3,40250,0.0,0.0,23
139776,1,241,158,1,-2,40020,0.0,0.0,19
139894,1,240,158,0,-2,40250,0.0,0.0,13
139994,1,241,158,1,-2,40020,0.0,0.0,16
140127,1,241,158,1,-2,40020,0.0,8.56,17
140228,1,241,168,1,8,28959,0.0,8.56,34
140360,1,239,211,-1,51,40716,0.0,-12.0,29
140460,1,240,155,0,-5,39388,0.0,-12.0,30
140561,1,242,95,2,-65,40812,0.0,12.0,19
140676,1,242,133,2,-27,41952,0.0,12.0,16
140787,1,240,189,0,29,40368,0.0,-8.9,18
140928,1,239,185,-1,25,40136,0.0,-9.6,21
141060,1,243,78,3,-82,28812,0.0,5.55,31
141196,0,0,0,0,0,0,0.0,0.0,55
141307,1,241,125,1,-35,40533,0.0,8.37,14
141414,1,240,165,0,5,40425,0.0,1.0,21
141526,1,240,170,0,10,40194,0.0,-3.37,14
141626,1,241,157,1,-3,39846,0.0,-1.0,36
141728,1,241,152,1,-8,40250,0.0,2.2,12
141843,1,240,159,0,-1,40194,0.0,0.0,32
141959,1,240,159,0,-1,40194,0.0,0.0,13
142059,1,240,159,0,-1,40194,0.0,0.0,34
142159,1,240,159,0,-1,40194,0.0,0.0,33
142259,1,240,159,0,-1,40194,0.0,0.0,33
142359,1,241,171,1,11,41349,0.0,8.28,30
142459,1,240,208,0,48,41595,0.0,-2.08,34
142559,1,239,202,-1,42,40309,0.0,-12.0,30
142659,1,241,139,1,-21,38930,0.0,1.99,18
142763,1,241,146,1,-14,40762,0.0,6.91,18
142892,1,240,174,0,14,40600,0.0,-3.61,16
142992,1,240,157,0,-3,40194,0.0,-1.92,38
143092,1,241,146,1,-14,40075,0.0,2.72,35
143192,1,240,159,0,-1,40250,0.0,-6.64,18
143297,1,240,131,0,-29,39444,0.0,-2.43,19
143426,1,242,120,2,-40,40812,0.0,12.0,18
143559,1,241,132,1,-28,40991,0.0,12.0,49
143659,1,239,221,-1,61,41300,0.0,-12.0,14
143759,1,240,176,0,16,39039,0.0,-6.13,15
143892,1,241,139,1,-21,40304,0.0,6.92,18
143992,1,241,171,1,11,40887,0.0,1.5,34
144092,1,240,180,0,20,40368,0.0,-6.6,34
144200,1,241,156,1,-4,40020,0.0,0.0,13
144328,1,240,158,0,-2,40020,0.0,1.72,50
144439,1,241,158,1,-2,40250,0.0,0.0,33
144549,1,241,158,1,-2,40250,0.0,0.0,18
144660,1,241,158,1,-2,40020,0.0,0.0,13
144760,1,241,158,1,-2,40020,0.0,0.0,15
144864,1,240,157,0,-3,40480,0.0,8.92,12
144992,1,241,158,1,-2,40020,0.0,8.62,47
145125,1,239,200,-1,40,41184,0.0,-6.85,34
145225,1,240,174,0,14,39039,0.0,-11.97,34
145326,1,242,115,2,-45,39444,0.0,9.56,19
145441,1,241,162,1,2,41630,0.0,2.15,20
145558,1,240,177,0,17,39732,0.0,-8.76,18
145691,1,242,142,2,-18,40075,0.0,5.27,20
145858,1,242,151,2,-9,40762,0.0,-2.44,30
145962,1,241,141,1,-19,39617,0.0,4.37,19
146075,1,241,156,1,-4,40887,0.0,4.92,17
146186,1,240,173,0,13,40194,0.0,-5.14,14
146291,1,241,157,1,-3,40020,0.0,0.0,17
146391,1,241,153,1,-7,40250,0.0,2.35,32
146494,1,240,161,0,1,40425,0.0,0.0,14
146605,1,240,162,0,2,40480,0.0,0.0,18
146724,1,240,163,0,3,28171,0.0,0.0,41
146824,1,240,164,0,4,40425,0.0,-1.34,15
146924,1,240,162,0,2,40425,0.0,0.0,15
147025,1,240,162,0,2,40425,0.0,0.0,14
